id,pred
36,0.9391507506370544
2157,0.943616509437561
9385,0.9449031352996826
14434,0.9351788759231567
9462,0.9465291500091553
5773,0.9180815815925598
11975,0.9590009450912476
10047,0.9694127440452576
9595,0.9552313089370728
12085,0.9546465873718262
10423,0.907895028591156
5353,0.9458130598068237
1967,0.9662267565727234
7192,0.9483384490013123
13483,0.9099907875061035
8158,0.9361338019371033
1482,0.9489458799362183
5833,0.9269377589225769
5276,0.9424312114715576
12541,0.9443082809448242
14694,0.9597254395484924
11505,0.9525598287582397
3948,0.9334081411361694
12175,0.9191612005233765
108,0.9422296285629272
2520,0.9420449137687683
11334,0.9267416596412659
9535,0.9312880039215088
9788,0.9577922821044922
3217,0.9493951797485352
9102,0.964389443397522
8059,0.9509934186935425
2340,1.0032947063446045
5727,0.9562268257141113
13074,0.9476686716079712
13058,0.910793662071228
12524,0.9435020685195923
13919,0.9480296969413757
1135,0.9189942479133606
2266,0.9551321268081665
13837,0.93319171667099
312,0.9460267424583435
5129,1.003408432006836
333,0.9389356374740601
9710,0.9532966613769531
4895,0.9652817249298096
12948,0.937954306602478
9748,0.9407950639724731
10713,0.9333061575889587
11130,1.0613622665405273
7685,0.9525765776634216
14382,0.9190131425857544
1622,0.9533195495605469
9747,0.9358481168746948
6176,0.9517608880996704
8001,0.9554306268692017
3843,0.9595820307731628
5369,0.9232857823371887
4013,0.9522550702095032
7189,0.9936835765838623
6627,0.9240350723266602
1531,0.9625130891799927
7872,0.9346325397491455
7822,0.9176812171936035
7939,0.926427960395813
11694,0.9419048428535461
12404,0.9557141065597534
11477,0.9280068874359131
10036,0.9476001858711243
8673,0.9357746243476868
13663,0.9252352714538574
158,0.9438329935073853
12270,0.938579797744751
4775,0.9432622194290161
10732,0.9304388761520386
12761,0.9526744484901428
11443,0.9430725574493408
14024,0.9246511459350586
1456,0.9374354481697083
15040,0.9346122145652771
1777,0.951981782913208
5176,0.9581285715103149
10217,0.9107550978660583
14211,0.8996065855026245
11805,0.8958908319473267
1332,0.9721132516860962
2539,0.9361649751663208
12008,0.9541804790496826
219,0.9378100633621216
3415,0.9431111812591553
9014,0.9116349220275879
2606,0.9340373873710632
3913,0.8983415365219116
1811,0.930691123008728
500,0.9528066515922546
14528,0.9252686500549316
3045,0.9576951265335083
4740,0.94724440574646
13532,0.9207853078842163
5973,0.9541037082672119
1524,0.9433869123458862
6710,0.9551886320114136
10824,0.9322577714920044
2242,0.9423379898071289
13571,0.938088059425354
14078,0.938242495059967
14089,1.1880214214324951
4511,0.9353708028793335
14168,0.9462745189666748
9406,0.950836181640625
513,0.9216346740722656
3346,0.938071072101593
8857,0.9721572995185852
2470,0.9199945330619812
3497,0.9409793615341187
13452,0.9168800115585327
5450,0.9477195739746094
5340,0.9441463351249695
10909,0.9520331621170044
12419,0.9448756575584412
1393,0.9329748153686523
14390,0.9324206113815308
2721,0.9145540595054626
2093,0.9380643367767334
8024,0.9336609840393066
8759,0.9339506030082703
6275,0.9314039349555969
6465,0.9283048510551453
4041,0.9548362493515015
10700,0.934413731098175
11312,0.9302539229393005
5533,0.9585438966751099
4905,0.9427780508995056
3094,0.9516702890396118
8732,0.9478664994239807
13789,0.9345661401748657
4064,0.9351427555084229
7358,0.9670828580856323
8580,0.9762797355651855
926,0.9403351545333862
13516,0.9553965330123901
11615,0.9185715913772583
1630,0.9240442514419556
6996,0.9642041921615601
3308,0.9640742540359497
6713,1.0613685846328735
9983,0.8998445272445679
11869,0.9381754398345947
8366,0.9643145203590393
13751,0.9272567629814148
1832,0.8828707933425903
14756,0.9499333500862122
10385,0.9873816967010498
12411,0.9213376045227051
8478,0.9203276634216309
6267,0.9179746508598328
11803,0.9343805313110352
3744,0.9146761894226074
10541,0.938071072101593
5642,0.9350547790527344
12459,0.9379964470863342
2660,0.952238917350769
8975,0.9565812945365906
193,0.9420661926269531
11779,0.9451003670692444
5337,0.9104914665222168
12817,0.9621829986572266
6310,0.9517216682434082
10836,0.9435611963272095
9078,0.9093043804168701
6272,0.9472610354423523
14614,0.9552351236343384
11290,0.9378730654716492
9887,0.9408828020095825
8737,0.9464561939239502
12187,0.9504846930503845
11445,0.9541249871253967
4131,0.9431605935096741
4753,0.966999888420105
4485,0.9376803636550903
7134,0.946003794670105
7865,0.9703869819641113
10276,0.9509091377258301
8160,0.9382842779159546
466,0.9411444664001465
10688,0.9274572730064392
14681,0.9429144263267517
14860,0.9171745181083679
392,0.9584938287734985
7028,0.9389159083366394
13586,0.951309084892273
10890,0.9304368495941162
3362,0.9394882321357727
14593,0.9531673192977905
3981,0.9491328001022339
2860,0.95061194896698
11826,0.9415930509567261
5633,0.9559361934661865
5202,0.9321974515914917
7501,0.8926711678504944
3597,0.923149824142456
12210,0.9532819986343384
2685,0.9157881736755371
881,0.9509881734848022
11122,0.9514615535736084
490,0.9338884949684143
2929,0.9278667569160461
14696,0.9240264892578125
11871,0.9309537410736084
14934,0.9471203088760376
10955,0.9453099370002747
14962,0.8584609031677246
10083,0.9468565583229065
5673,0.9304136037826538
83,0.9480401277542114
7556,0.9312765598297119
13273,0.9563426971435547
10149,0.9317023754119873
11095,0.9459646940231323
1580,0.9475073218345642
5083,0.921466052532196
6351,0.9310821890830994
3331,0.9463382959365845
12975,0.9298816919326782
6704,0.9504998922348022
1113,0.9450545310974121
8619,0.939538836479187
11920,0.9724736213684082
10263,0.9305105805397034
13812,0.9313328266143799
6065,0.9448614120483398
11247,0.9519197344779968
8377,0.9361145496368408
2074,0.932487428188324
14723,0.9450556039810181
7992,0.9280007481575012
8808,0.9494287967681885
2962,0.9626858830451965
1657,0.9423614740371704
13560,0.9346759915351868
3021,0.9404898881912231
9941,0.9340177178382874
10034,0.9042052626609802
9457,0.9324660301208496
14097,0.9482820630073547
13754,0.8993479013442993
13772,0.926895022392273
4262,0.9461585879325867
5189,0.9518033266067505
5570,0.947565495967865
3436,0.917216956615448
928,0.9330878257751465
1405,0.9494099617004395
13207,0.926771342754364
15083,0.9228008985519409
13003,0.9093782305717468
4221,0.9174516201019287
1499,0.9444635510444641
8596,0.9237890243530273
13164,0.9125959873199463
1339,0.9465436935424805
3959,0.9257380366325378
2681,0.9714975357055664
13815,0.9231871962547302
5676,0.9362674951553345
3574,0.9423366189002991
6393,0.939775824546814
10186,0.9556131362915039
14989,0.9586516618728638
3782,0.9796618223190308
6459,0.9641353487968445
9152,0.9957835674285889
11400,0.9331271648406982
2131,0.9679654240608215
14297,0.9549822211265564
406,0.9343849420547485
10708,0.9419798851013184
13573,0.9422816038131714
4878,0.9625678062438965
6334,0.9438216686248779
3429,0.9270506501197815
260,0.9459683299064636
13596,0.8934876322746277
5822,0.9677493572235107
3945,0.9597883224487305
939,0.9620041847229004
10703,0.9322612285614014
7089,0.9542295932769775
3477,0.9449188113212585
10673,0.9410996437072754
11878,0.9489725828170776
12956,0.9033142328262329
6104,0.987123966217041
11058,0.9350404739379883
2223,0.9437400698661804
3330,0.9564576148986816
13253,0.9352682828903198
669,0.9640344381332397
6371,0.9386592507362366
14171,0.9666898250579834
14413,0.9447949528694153
13262,0.9547997713088989
2615,0.9646844863891602
995,0.9375138878822327
10850,0.9543033242225647
2851,0.9533621668815613
1629,0.9341274499893188
7835,0.952585756778717
2145,0.937237024307251
986,0.9244414567947388
7306,0.9016250967979431
11757,0.9188507199287415
9695,0.9529717564582825
5442,0.9574793577194214
2944,0.9483737945556641
2100,0.9332106709480286
13248,0.9355425238609314
12555,0.9147628545761108
10544,0.9270142316818237
1577,0.9576997756958008
12799,0.9458913803100586
11618,0.9313563108444214
14678,0.9493693113327026
3607,0.9464385509490967
14227,0.9541962146759033
14038,0.9476189017295837
6453,0.9450361132621765
9587,0.948447585105896
6649,0.9277469515800476
5279,0.9306056499481201
2998,0.9343803524971008
13283,0.9508923292160034
13485,0.9545154571533203
9960,0.9489215016365051
4168,0.935642659664154
10669,0.911797285079956
5304,0.9387797117233276
2115,0.9393550157546997
2534,0.9686403870582581
6361,0.9891954064369202
9021,0.9530391693115234
1002,0.9782186150550842
12908,0.9414591789245605
1009,0.9600501656532288
3049,0.9614683389663696
1081,0.9462770223617554
6842,0.9146953821182251
7592,0.9273728132247925
4436,0.9566083550453186
9583,0.9204609394073486
4901,0.9225786924362183
13597,0.9394834637641907
12886,0.9200782775878906
2940,0.9441475868225098
1262,0.9338690638542175
13643,0.9410285353660583
7221,0.9500254988670349
2768,0.944769024848938
416,0.9599995613098145
9092,0.9339931011199951
10993,0.9457767605781555
3779,0.9522300958633423
9031,0.9476755261421204
5602,0.9530956745147705
8210,0.9536130428314209
12432,0.9730827808380127
8045,0.9290108680725098
652,0.9319107532501221
7640,0.9247518181800842
3469,0.9675883054733276
4263,0.948655366897583
2060,0.9469884634017944
10832,0.9480698108673096
4099,0.9511693120002747
2118,0.9270353317260742
3620,0.987123966217041
6287,0.9328910112380981
5953,0.9645469188690186
1879,0.9466828107833862
118,0.9485152959823608
10449,0.9227286577224731
6664,0.9397956132888794
12362,0.9288690090179443
8831,0.9371962547302246
11933,0.9419774413108826
14306,0.9118266105651855
1653,0.9258477687835693
6410,0.9316983819007874
13620,0.9420976042747498
9262,0.9866126775741577
7256,0.9641612768173218
11376,0.9289610385894775
12251,0.9091026782989502
14294,0.9188177585601807
2346,0.9266003966331482
6375,0.9569841623306274
15042,0.916594386100769
9290,0.9435809850692749
11836,0.9203458428382874
9395,0.9568390846252441
1694,0.9601923227310181
13773,0.9461184740066528
1536,0.9286130666732788
11644,0.9480903744697571
12589,0.9371979832649231
8241,0.9438920021057129
4487,0.9523484110832214
13077,0.9232919812202454
3540,0.924629807472229
417,0.9383708834648132
8370,0.9485394954681396
6009,0.9568853378295898
12075,0.967577338218689
2293,0.9573028087615967
14000,0.9484161734580994
12414,0.9182437658309937
7895,0.923646867275238
13933,0.9381359815597534
8150,0.9578015804290771
1304,0.9303424954414368
9083,0.9394727945327759
512,0.9664562940597534
11704,0.9602155685424805
2654,0.9146817922592163
11397,0.9041634798049927
12331,0.9359110593795776
781,0.9398888349533081
6279,0.9435834288597107
10265,0.9158786535263062
14256,0.9526076316833496
12685,0.9346839189529419
4188,0.9797514081001282
5834,0.9297803640365601
10452,0.9252490997314453
9558,0.950965940952301
7797,0.9565187692642212
7456,0.9611045122146606
3525,0.9154689311981201
10770,0.9201629161834717
1710,0.9111435413360596
10237,0.9227240681648254
8931,0.9079982042312622
6834,0.9290311336517334
4106,0.9543601870536804
1621,0.9500117301940918
7976,0.9559982419013977
4182,0.939005434513092
3468,0.9514111280441284
1859,0.9515805244445801
9974,0.9621685147285461
1472,0.9500954151153564
503,0.9370317459106445
8557,0.8728698492050171
7709,0.9586761593818665
8346,0.9481064081192017
33,0.9332611560821533
1398,0.9446706771850586
7110,0.9425979852676392
65,0.9384547472000122
11861,0.9165928959846497
1955,0.9588444232940674
2217,0.9481133222579956
11510,0.9400425553321838
11828,0.9303359389305115
4745,0.9139893054962158
6855,0.9428610801696777
11488,0.940665602684021
13692,0.9216181039810181
13746,0.9448545575141907
3466,0.9416518211364746
14025,0.959062397480011
1297,0.928231954574585
3480,0.9472984075546265
13490,0.954109787940979
3825,0.9324472546577454
5413,0.9341808557510376
7601,0.9650306701660156
5762,0.9556841850280762
2240,0.9443396925926208
12882,0.9182374477386475
2881,0.9601456522941589
5908,0.9533636569976807
2500,0.9524106979370117
10338,0.9449241757392883
1618,0.9414680004119873
7037,0.9347795248031616
1970,0.9624214172363281
11792,0.9399983286857605
85,1.0621697902679443
13347,0.9231985211372375
1157,0.931476354598999
9272,0.9605666995048523
1308,0.9413873553276062
13547,0.9413873553276062
8200,0.9573705196380615
12348,0.9258533716201782
7279,0.9346251487731934
5321,0.9534515738487244
812,0.9149559736251831
3137,0.9552159905433655
11358,0.9400228261947632
9148,0.9547979831695557
1356,0.9355020523071289
2142,0.9379780292510986
11678,0.9335758090019226
13832,0.9540374279022217
9463,0.9874414205551147
5433,0.9483915567398071
8934,0.9271108508110046
4675,0.9366564154624939
7297,0.9425152540206909
6468,0.9443726539611816
135,0.9471839070320129
6193,0.909080445766449
12757,0.9186545610427856
11692,0.9114072918891907
3993,0.9456979036331177
11922,0.9506467580795288
14379,1.084625005722046
11226,0.924006998538971
3081,0.9472974538803101
7046,0.9455597400665283
10647,0.9526571035385132
1365,0.9404140710830688
8807,0.9452574849128723
10717,0.9575453400611877
14853,0.9664333462715149
2595,0.9641908407211304
5888,0.948339581489563
10656,0.9674286842346191
10881,0.9331985712051392
5891,0.9653556942939758
6870,0.9451061487197876
1752,0.9853627681732178
4308,0.9505471587181091
7198,0.9563435316085815
4124,0.9531969428062439
6738,0.954697847366333
3386,0.9393725991249084
4995,0.9805581569671631
6544,0.9456852078437805
3713,0.9343365430831909
12947,0.9337735176086426
11565,0.9399842619895935
6914,0.9305901527404785
14904,0.9536075592041016
12767,0.9477697610855103
9940,0.9553873538970947
4206,0.944602906703949
5229,0.9238600730895996
9072,0.9166097640991211
6706,0.9383946657180786
14369,0.950217604637146
8226,0.9853627681732178
3191,0.9524824619293213
4864,0.9422658681869507
7632,0.9374808669090271
1045,0.9416900873184204
10369,0.930953860282898
3085,0.938707709312439
10882,1.018314003944397
11203,0.9179007411003113
2601,1.1526120901107788
12694,0.9106886386871338
4438,0.9529274106025696
4970,0.9374876022338867
1089,0.9336550235748291
1442,0.9212920665740967
14516,0.9586818814277649
13127,0.9557578563690186
9360,0.4622049629688263
14837,0.9470509886741638
10666,0.9801021814346313
12250,0.9330462217330933
8965,0.9626812934875488
6268,0.9316180944442749
13817,0.9432028532028198
14996,0.9382866621017456
6867,0.9564859867095947
13845,0.9532519578933716
5082,0.9450982213020325
4056,0.9809600114822388
13161,0.9721600413322449
550,0.9805113673210144
14088,0.9449241757392883
7290,0.9281692504882812
2058,0.9532551765441895
4868,0.9591564536094666
11199,0.9410769939422607
708,0.9079787135124207
15022,0.9277551770210266
1573,0.9585835933685303
13998,0.8975617289543152
9820,0.9409486651420593
7878,0.9557029604911804
12884,0.9457682967185974
3946,0.9348506927490234
4059,0.9451873898506165
8549,0.9312485456466675
4657,0.9118623733520508
4986,0.9485624432563782
989,0.9515781998634338
1092,0.9631442427635193
3762,0.9579748511314392
207,0.9435187578201294
1899,0.963112473487854
11327,0.9388070106506348
2103,0.9483413696289062
6014,0.9205438494682312
13656,0.9566057324409485
2001,0.9670169353485107
2465,0.9315558671951294
12746,0.9493293762207031
1191,0.966462254524231
10802,0.9659075140953064
7085,0.9569880962371826
12514,0.9201391339302063
11278,0.9603536128997803
11917,0.8786802291870117
2964,0.9560869336128235
4735,0.9601763486862183
12015,0.9104838967323303
9100,0.9218779802322388
7111,0.9620627164840698
13737,0.9307498931884766
4783,0.923149824142456
12763,0.9214622974395752
3279,0.9334424734115601
1429,0.9651723504066467
14921,0.9594582915306091
6454,0.9426499605178833
3461,0.9498146176338196
2755,0.9030371308326721
529,0.9422639608383179
6081,0.9267414212226868
1628,0.933387279510498
7967,0.9587833881378174
1538,0.9600588083267212
4826,0.9450675249099731
12962,0.9585853219032288
9614,0.9232876300811768
13424,0.947220504283905
10929,0.9497489929199219
7374,0.936212420463562
2170,0.9373542666435242
3006,0.9413942098617554
5007,0.945293664932251
8296,0.9346190690994263
11212,0.945648193359375
4524,0.9490662813186646
12430,0.9487110376358032
9301,0.9612785577774048
13251,0.9557280540466309
14597,0.9789514541625977
155,0.9472023248672485
1318,0.9245538115501404
13427,0.9551094770431519
976,0.9373353719711304
15051,0.9716936945915222
10405,0.9594345092773438
8785,0.9367130994796753
11713,0.9522393941879272
8914,0.9553475379943848
4858,0.9725025296211243
7902,1.0053727626800537
8529,0.908209502696991
3351,0.9329268932342529
3841,0.9281923770904541
12344,0.9421672821044922
10107,0.9405640363693237
6808,0.9425804615020752
2369,0.9448137879371643
9861,0.937694251537323
14699,0.9517002105712891
3026,0.9630091190338135
5956,0.9393131732940674
11449,0.9505726099014282
14961,0.9475253820419312
3887,0.9692853689193726
6023,0.9314113855361938
925,0.9466584324836731
14040,0.9343856573104858
13220,0.9376564025878906
8323,0.975016176700592
11055,0.9358879923820496
9520,0.9387185573577881
10809,0.9334917664527893
2879,0.9617129564285278
4133,0.9597175717353821
7247,0.9511429667472839
14600,0.9266983270645142
10218,0.9537222385406494
2099,0.936033308506012
9091,0.9100286960601807
10607,0.93827885389328
14174,0.9194896817207336
4005,0.9425694942474365
11864,0.9509987831115723
7564,0.9495552778244019
7006,0.941133975982666
771,0.9073108434677124
10546,0.9556418657302856
8171,0.9702821969985962
7355,0.9470798969268799
13184,0.9501965045928955
6378,0.957969069480896
1419,0.921340823173523
1908,0.9438576102256775
9074,1.4648171663284302
6783,0.920295000076294
12001,0.9486393928527832
6577,0.9279754161834717
4385,0.9544824361801147
7770,0.9366280436515808
12074,0.9518013596534729
1533,0.9594728946685791
14534,0.9750914573669434
11473,0.9606643915176392
3725,0.9064247608184814
11179,0.9462535381317139
5859,0.9398953914642334
643,0.925048828125
14945,0.9580265283584595
7040,0.8978149890899658
10803,0.9225839972496033
14964,0.9464250802993774
5748,0.951537013053894
3056,0.9306721687316895
11503,0.9600033164024353
9594,0.9165557622909546
13904,0.9471345543861389
13265,0.9252293109893799
14521,0.9176284670829773
1311,0.8969895839691162
9651,0.9351931810379028
8147,0.9435381293296814
7619,0.9815199375152588
8417,0.9597034454345703
5971,0.9386204481124878
171,0.930405855178833
397,0.972118616104126
13134,0.9352986812591553
9987,0.9596626162528992
9161,0.9426188468933105
13196,0.9430103302001953
2650,0.9465810060501099
1880,0.9232857823371887
11388,0.9433992505073547
9364,0.9368265271186829
4643,0.9649459719657898
5790,0.9304671883583069
13708,0.9314460158348083
7587,0.9683820009231567
9955,0.9476142525672913
14119,0.9184211492538452
279,0.9603230953216553
1344,0.9346888065338135
8288,0.8958501815795898
8612,0.9418638348579407
13534,0.9551221132278442
2838,0.9163734316825867
10512,0.9692909717559814
10164,0.9647262096405029
3432,0.9306262135505676
4843,0.9201627969741821
11395,0.9054012298583984
2692,0.9519548416137695
3420,0.966659426689148
4452,0.9582262635231018
7479,0.9694350361824036
5259,0.775229275226593
4014,0.9334076642990112
14633,0.9345170259475708
2672,0.9313942790031433
8979,0.9449218511581421
6443,0.9466868042945862
14660,0.9480663537979126
10256,0.9497400522232056
13418,0.9402100443840027
3401,0.9162178635597229
5934,0.904860258102417
1961,0.9375405311584473
2522,0.9634286165237427
12129,0.9448922872543335
4398,0.9163602590560913
9860,0.9374542832374573
13173,0.9517155885696411
4190,0.9584065079689026
9303,0.9250355958938599
10787,0.9452557563781738
6451,0.9665260314941406
1750,0.9429093599319458
13126,0.9469367265701294
7959,0.9225503206253052
4184,0.9335086345672607
10312,0.9526888132095337
12537,0.9322717189788818
11027,0.9489311575889587
7826,0.9560114741325378
7925,0.9460321068763733
11847,0.9276410341262817
10628,0.8740907907485962
7929,0.9569225311279297
4586,0.8752374053001404
4848,0.9492928981781006
10967,0.9304699301719666
12393,0.9374996423721313
12114,0.9433938264846802
634,0.9180045127868652
13182,0.9294394254684448
2096,0.9158376455307007
5031,0.9590530395507812
10311,0.9494660496711731
35,0.9509121775627136
6178,0.9325040578842163
5222,0.9329798817634583
8754,0.9437428116798401
80,0.9528066515922546
7194,0.9424128532409668
1612,0.9468634128570557
5398,0.9298213124275208
13680,0.9196252822875977
1292,0.9616167545318604
9862,0.9722248911857605
5846,0.9475206136703491
2604,0.9310183525085449
14543,0.9397449493408203
5267,0.9522608518600464
27,0.9528059959411621
50,0.9076703190803528
3490,0.9128713607788086
11538,0.9558219909667969
10030,0.9417287111282349
8253,0.945603609085083
13241,0.9641129970550537
6746,0.9660733342170715
12108,0.9541654586791992
10300,0.9374996423721313
14834,0.9346034526824951
11995,0.8987554907798767
3260,0.9103527665138245
7534,0.957970380783081
5414,0.9686274528503418
2541,0.9386391043663025
9798,0.9364449977874756
14915,0.9394989013671875
1027,0.905274510383606
1459,0.9153295755386353
13911,0.9479974508285522
11225,0.9537227153778076
4683,0.9142395257949829
2817,0.9147098064422607
3409,0.9399969577789307
7990,0.9576997756958008
14061,0.9205392003059387
14203,0.9506027102470398
8959,0.9306721687316895
14087,0.9029610753059387
10602,0.9436994791030884
8322,0.9390741586685181
5739,0.943274199962616
5390,0.9485255479812622
14965,0.9225149750709534
7581,0.9431137442588806
13453,0.9092850685119629
1056,0.9472967386245728
5875,0.9384723901748657
8291,0.9320039749145508
11162,0.9064086675643921
7837,0.9251963496208191
3209,0.9470000267028809
3051,0.9152473211288452
10976,0.9531741738319397
4736,0.9133351445198059
10523,0.9600180983543396
9563,0.9575273990631104
7778,0.9506018161773682
829,0.9483001828193665
10538,0.8792207837104797
1744,0.9331275820732117
2175,0.9394776821136475
421,0.9382523894309998
8751,0.9471346139907837
14293,0.9417942762374878
4909,0.9324132204055786
13055,0.9455188512802124
2232,0.9447162747383118
965,0.9322779178619385
10431,0.9526833295822144
12914,0.9489120841026306
5086,0.9370779991149902
6573,0.9375086426734924
7991,0.9468080997467041
11860,0.9724208116531372
2837,0.963679313659668
2085,1.0031180381774902
6563,0.8965508341789246
3898,0.9658941030502319
5765,0.960223913192749
4645,0.9321552515029907
2727,0.9517662525177002
10558,0.966854453086853
14747,0.9613341689109802
13554,0.9525624513626099
14015,0.9423189163208008
10834,0.9476019144058228
9233,0.883155345916748
13893,0.9208951592445374
8830,0.907447099685669
2845,0.9526466131210327
8949,0.9428788423538208
6034,0.9725707769393921
7338,0.9794225692749023
6213,0.9246577024459839
11841,0.930865466594696
9560,0.9247726202011108
6124,0.9595438241958618
10208,0.9265700578689575
8465,0.9309138655662537
9892,0.9261084794998169
11123,0.9325658082962036
5760,0.9574915170669556
5008,0.9346522092819214
10898,0.9531228542327881
8153,0.97867751121521
10144,0.9138025641441345
4759,0.9071289896965027
737,0.9504896402359009
12341,0.9729439616203308
11594,0.9202432632446289
8896,0.9515668153762817
9030,0.9519769549369812
4459,0.9174255728721619
10202,0.981709361076355
6841,0.902275800704956
9532,0.9474269151687622
10653,0.9254597425460815
6724,0.9523597359657288
2640,0.9193744659423828
5751,0.9638957381248474
12355,0.9955546855926514
7948,0.9596816301345825
8605,0.9764198064804077
13236,0.9740520715713501
9246,0.9464619159698486
7245,0.9537550210952759
12847,0.9061905741691589
4662,0.9362932443618774
1213,0.9569872617721558
7284,0.9832190871238708
2536,0.9432003498077393
1407,0.9427905082702637
5475,0.8991153836250305
7482,0.964644193649292
8938,0.9437952041625977
8911,0.9570287466049194
6113,0.9550294876098633
10046,0.9438141584396362
14936,0.9810792207717896
5266,0.9108940958976746
10662,0.9500887393951416
11248,0.9221833944320679
10938,0.9260945320129395
9261,0.9447512626647949
8182,0.9287770986557007
6028,0.9295334815979004
258,0.9532637596130371
14329,0.9462006092071533
4411,0.9455717206001282
12278,0.9398703575134277
14842,0.9493492245674133
10151,0.9552153944969177
4073,0.9578685164451599
10254,0.9602136611938477
4283,0.9619511961936951
9805,0.896738588809967
3,0.9369007349014282
7667,0.9393821358680725
7650,0.9528288841247559
13480,0.9649619460105896
11342,0.9619583487510681
3764,0.9228819012641907
6963,0.9248021841049194
4804,0.9607787132263184
15032,0.9072989225387573
12227,0.9694563746452332
3417,0.9611339569091797
1979,0.915878176689148
2711,0.9356256127357483
5688,0.9423611164093018
2413,0.989840030670166
10376,0.9309996366500854
9278,0.9129005074501038
9832,0.903380274772644
12811,0.9856128692626953
6913,0.9490196108818054
2487,0.9485365152359009
568,0.9586784839630127
11606,0.9269377589225769
12797,0.9722563028335571
6898,0.9514055252075195
11697,0.9506274461746216
11750,0.9083448052406311
545,0.9423150420188904
5935,0.9403966665267944
6686,0.9428544640541077
3325,0.9442858099937439
7944,0.9446578025817871
1818,0.9252444505691528
574,0.9292691946029663
7807,0.9415148496627808
940,0.9180439710617065
13678,0.9221833944320679
4975,0.9795688986778259
5191,0.9513163566589355
1200,0.9483351707458496
142,0.9672653675079346
5016,0.9415952563285828
11025,0.9305506944656372
13183,0.9267499446868896
2342,0.9328720569610596
10110,0.9515730738639832
10037,0.9355320334434509
5471,0.9583146572113037
6731,0.9614095091819763
13313,0.9267528057098389
6676,0.9221067428588867
1008,0.8514823317527771
11230,0.9389826059341431
549,0.9416231513023376
851,0.9357427358627319
3876,0.940986692905426
1444,0.9668326377868652
1706,0.939775824546814
14975,0.9400942325592041
10135,0.9092737436294556
2712,0.9456003904342651
1136,0.9545058012008667
11720,0.9310066103935242
2816,0.9500271677970886
10827,0.9437901973724365
11315,0.9385231733322144
9785,0.9528331756591797
5799,0.9415260553359985
4599,0.9209671020507812
11790,0.9640992879867554
1476,0.9291255474090576
1068,0.9440266489982605
3070,0.9341274499893188
11774,0.9128128290176392
1507,0.9709415435791016
3832,0.9251033067703247
13398,0.9501919746398926
8525,0.9350257515907288
5940,0.9352706670761108
893,0.9509291648864746
10988,0.9309096336364746
1417,0.9465886354446411
1545,0.9238362312316895
13915,0.9332990050315857
14873,0.8820458650588989
4585,0.9804254770278931
12678,0.9166402816772461
2495,0.9245489835739136
5156,0.9357490539550781
1443,0.9197930097579956
2921,0.9440564513206482
329,0.9184460043907166
427,0.9730134010314941
14878,0.933529257774353
3052,0.9595240950584412
8436,0.963977575302124
5041,0.9740303754806519
9147,0.961184561252594
11999,0.9269146919250488
8782,0.9493299126625061
10540,0.9330356121063232
4629,0.938498854637146
1910,0.9506620168685913
9066,0.9604943990707397
7617,0.9653716087341309
13632,0.9483001828193665
10443,0.9549368023872375
13526,0.955791711807251
8314,0.9343982934951782
5088,0.9578635692596436
13822,0.9484772086143494
11729,0.9357606768608093
738,0.954958975315094
6473,0.9446873664855957
14492,0.9416944980621338
6688,0.9366905689239502
13111,0.9606822729110718
3928,0.9402772188186646
9467,0.979351282119751
8117,0.9120815992355347
15019,0.9515985250473022
671,0.928865909576416
14283,0.9022915959358215
13920,0.9484657049179077
11850,0.918390154838562
4280,0.9232897162437439
13403,0.938239336013794
1203,0.9387447834014893
5883,0.9394717216491699
804,0.9430469274520874
10458,0.964012086391449
2496,0.9524472951889038
4659,0.9379352927207947
9474,0.9335342645645142
8863,0.9795023798942566
4146,0.9420939683914185
11591,0.957332193851471
13473,0.9150233864784241
11569,0.9301792979240417
7162,0.9585019946098328
2304,0.965958833694458
4477,0.9940221309661865
11050,0.911589503288269
11562,0.9606341123580933
7058,0.9407405853271484
14903,0.9606180191040039
4919,0.930241584777832
1414,0.920689582824707
6832,0.9542405009269714
15059,0.9668866395950317
991,0.9510332942008972
13355,0.9742670059204102
14309,0.9381617307662964
6067,0.9441128969192505
1996,0.9547160267829895
10137,0.9537599086761475
2752,0.982084333896637
598,0.955016016960144
8,0.9620205163955688
13009,1.064274549484253
10786,0.903786838054657
14674,0.9396183490753174
4980,0.9126356244087219
1952,0.9389116764068604
5634,0.9245561957359314
7958,0.9488800764083862
2979,0.942840576171875
7528,0.9161456227302551
6262,0.9273433089256287
6656,0.9396654963493347
14797,0.882715106010437
723,0.921373724937439
11549,0.9183450937271118
11239,0.9310060739517212
13036,0.9614906311035156
14442,0.936927318572998
8341,0.9536639451980591
3479,0.9505398869514465
11008,0.9329802989959717
8742,0.9569776058197021
3985,0.9080266952514648
4729,0.9406692385673523
9036,0.9542664885520935
960,1.0049030780792236
9654,0.9360172748565674
3662,0.952410101890564
404,0.9381832480430603
12435,0.879289984703064
6055,0.9442089796066284
13948,0.9210071563720703
11584,0.9577223062515259
816,0.9349486827850342
12754,0.9535260200500488
5405,0.9484878182411194
11712,0.9456470012664795
10730,0.922888994216919
12930,0.9132373332977295
6253,0.9460183382034302
14527,0.9302589297294617
6515,0.9340372085571289
7361,0.9297052025794983
12523,0.9509009122848511
12089,0.9488800764083862
12441,0.9635871648788452
2603,0.9419400691986084
9108,0.9440321326255798
5754,0.9274744391441345
6168,0.947260856628418
206,0.9697086215019226
11817,0.9499333500862122
8251,0.9538158178329468
8517,0.9360377788543701
12112,0.9138933420181274
12733,0.968450665473938
2553,0.9014480113983154
9315,0.951555073261261
3939,0.9269671440124512
12738,0.9466179013252258
14930,0.9601790904998779
7980,0.9707624316215515
10855,0.9491180777549744
4884,0.9596952795982361
8047,0.9203358292579651
13317,0.9757728576660156
2388,0.9385435581207275
15076,0.9166964292526245
7043,0.9125410914421082
4082,0.9471838474273682
1315,0.9183819890022278
6941,0.9413481950759888
8280,0.8854737877845764
48,0.9141087532043457
168,0.925369381904602
1440,0.9505424499511719
4071,0.9255852103233337
7554,0.9586166143417358
2525,0.9715308547019958
1177,0.9583588242530823
14900,0.9448666572570801
5976,0.8882685303688049
14449,0.9109720587730408
774,0.9389450550079346
3295,0.9517204761505127
10489,0.94105064868927
13641,0.9183226823806763
7966,0.9479050636291504
5210,0.9480764865875244
7409,0.9587082862854004
10394,0.9663748741149902
3642,0.9537439346313477
9761,0.9286142587661743
13163,0.9193205237388611
8389,0.9215279817581177
13668,0.934994637966156
13963,0.955756425857544
4516,0.9498013257980347
9838,0.9509745240211487
6076,0.913353443145752
4639,0.9355802536010742
1698,0.9350165128707886
10747,0.9679491519927979
6181,0.9483778476715088
4313,0.9311904311180115
5734,0.961513876914978
1743,0.9361647367477417
1471,0.9424781799316406
2632,0.9500647187232971
9780,0.9219045639038086
8816,0.9576221704483032
3250,0.9266409873962402
9466,0.9837473630905151
6504,0.9370969533920288
5394,0.9022618532180786
9346,0.9369112849235535
5937,0.9452738165855408
7213,0.9581050872802734
5835,0.9587525725364685
252,0.9266354441642761
8427,0.9531288743019104
2086,0.9585800170898438
1406,0.8577861785888672
8290,0.9378446340560913
3082,0.9467525482177734
11758,0.9649467468261719
4703,0.9475305080413818
6311,0.9610873460769653
780,0.9175584316253662
1248,0.9028704166412354
1506,0.9488957524299622
14451,0.9741562008857727
8508,0.9336727857589722
10310,0.9168576002120972
13151,0.9556938409805298
7744,0.9479413628578186
9672,0.9433125257492065
8715,0.9282358288764954
5325,0.897079348564148
6966,0.9016414880752563
3673,0.9374630451202393
3457,0.9274429082870483
8518,0.935904860496521
11172,0.9530497789382935
7193,0.9389773011207581
7353,0.933260440826416
3842,0.9545689821243286
12650,1.0351686477661133
2758,0.9512776136398315
5238,0.8707495331764221
7994,0.9323481321334839
8492,0.9651946425437927
3947,0.9463303685188293
13083,0.9170743227005005
7190,0.9544985294342041
7845,0.962499737739563
11195,0.9525539875030518
6349,0.9412604570388794
1874,0.9381330609321594
3903,0.9446040391921997
1167,0.9580812454223633
3359,0.950118899345398
9509,0.958531379699707
846,0.9472411274909973
3230,0.9521396160125732
10382,0.9511026740074158
4525,0.9701005220413208
10095,0.9460181593894958
7975,0.9418114423751831
10910,0.9430103302001953
6994,0.9699382781982422
8376,0.9586952924728394
4003,0.9357254505157471
9697,0.9518272876739502
8570,0.9377537369728088
3974,0.9747793078422546
4888,0.9543150663375854
12044,0.9253333806991577
6583,0.9583645462989807
8360,0.9723345637321472
1774,0.971433699131012
1646,0.9453006982803345
9085,0.9552748203277588
7688,0.9179666042327881
7571,0.9446253776550293
14517,0.9552410244941711
1501,0.946133017539978
3294,0.9587050080299377
646,0.9330775141716003
11521,0.9494481086730957
1909,0.9421913623809814
8662,0.9473821520805359
4492,0.9148514270782471
13364,0.9265105724334717
8167,0.9540374279022217
1487,0.9199358224868774
7476,0.9362897276878357
13935,0.9367238879203796
13617,0.9471627473831177
14374,0.9341102838516235
13092,0.9415594935417175
12921,0.9336344003677368
14606,0.9379199743270874
6729,0.9549250602722168
3869,0.9556450843811035
4431,0.9456688165664673
7267,0.9579181671142578
6978,0.917563796043396
3892,0.9006151556968689
12643,0.9269052743911743
13790,0.9430316686630249
12561,0.9366564154624939
5411,0.9484413266181946
9639,0.9256207942962646
13983,0.9485325813293457
6921,0.9524766802787781
8212,0.8906198143959045
7316,0.9482840299606323
3970,0.9188941121101379
13309,0.9495129585266113
14067,0.9466251134872437
2229,0.9521933794021606
7654,0.9359078407287598
2778,0.9739915132522583
2562,0.9588556289672852
10970,0.9411436319351196
6328,0.9378345012664795
7801,0.9364944100379944
10387,0.9443922638893127
13958,0.9327764511108398
11188,0.9857006072998047
4867,0.9095454812049866
2504,0.9117652177810669
1903,0.9573017954826355
11076,0.914523720741272
5038,0.9029133915901184
593,0.9431724548339844
6567,0.9485043883323669
5046,0.9184118509292603
12471,0.9370340704917908
7661,0.9510902762413025
7244,0.9262349605560303
493,0.9451253414154053
12880,0.9494948387145996
10931,0.8497258424758911
680,0.9636956453323364
5432,0.9424918293952942
309,0.9503967761993408
1267,0.9568921327590942
13435,0.9353132247924805
13015,0.9686331748962402
12715,0.953719973564148
11092,0.9622176885604858
202,0.9668766260147095
7076,0.9621379375457764
8674,0.9434584975242615
4892,0.9199945330619812
3305,0.9497001767158508
9886,0.9226042628288269
2188,0.9431339502334595
11098,0.9533162117004395
3376,0.9613450765609741
8053,0.953276515007019
13671,0.9340791702270508
4693,0.9495551586151123
13463,0.9424822330474854
11965,0.9461362361907959
12055,0.9612447023391724
13020,0.9669220447540283
12102,1.475935459136963
5617,0.954109787940979
7575,0.9425836801528931
4815,0.932854413986206
13226,0.9671408534049988
4295,0.9643816947937012
14118,0.9649271965026855
11180,0.9093709588050842
11042,0.9439575672149658
11630,0.9372993111610413
1784,0.9380946159362793
4918,0.9495381712913513
14254,0.9592369794845581
1101,0.9204175472259521
6340,0.9268651008605957
11337,0.9532151222229004
13249,1.0124894380569458
175,0.9173027276992798
12781,0.9515268206596375
5294,0.9666251540184021
2796,0.9714230298995972
322,0.9495853185653687
7107,0.9563416242599487
12109,0.9342758655548096
10807,0.9419174194335938
14402,0.9706990122795105
6693,0.9371321201324463
5954,0.9544373750686646
10059,0.9409632086753845
4705,0.9232897162437439
14150,0.9642096757888794
8433,0.9183500409126282
2989,0.9582821130752563
467,0.9542405009269714
1548,0.8989244699478149
6084,0.8547241687774658
8945,0.9297837018966675
9635,0.9557678699493408
9946,0.9266536235809326
5850,0.9565420150756836
6501,0.904624342918396
6044,0.9392830729484558
7602,0.9377865791320801
2215,0.9134892225265503
6212,0.9393174052238464
787,0.9336982369422913
1517,0.9390583038330078
10815,0.9525613784790039
7766,0.9514256119728088
7069,0.9512418508529663
1041,0.935921847820282
5640,0.9440619945526123
13736,0.9565154314041138
386,0.9397556781768799
10373,0.954089879989624
10637,0.9484508037567139
1692,0.9496634006500244
14787,0.9494510293006897
11596,0.9271265864372253
14820,0.9562540650367737
215,0.9472870826721191
14457,0.9398964047431946
4637,0.878143310546875
9577,0.9509961605072021
13123,0.9094834327697754
638,0.9596232175827026
10609,0.940935492515564
7962,0.9413787126541138
8352,0.9407374858856201
7498,0.942825973033905
10866,0.9439992904663086
11517,0.9452965259552002
799,0.957269012928009
10674,0.9625130891799927
6902,0.9351862668991089
569,0.9794842004776001
14163,0.9545559883117676
13544,0.9572098851203918
2478,0.9463076591491699
14278,0.9541386365890503
12231,0.9532595276832581
5741,0.9459089636802673
4049,0.9418566823005676
8956,0.964530348777771
4974,0.950724184513092
10764,0.9749478697776794
9548,0.958682656288147
742,0.9628732800483704
14562,0.9009968638420105
571,0.9636032581329346
719,0.9335429668426514
10303,0.9529622793197632
8372,0.9492818117141724
14708,0.9504998922348022
14007,0.9341322183609009
12184,0.939918041229248
4230,0.9172207117080688
7217,0.944050133228302
9176,0.9376696348190308
10930,0.9213457107543945
7129,0.9415246248245239
10596,0.9021652936935425
483,0.9716188311576843
5928,0.9391294121742249
6651,0.9548802375793457
4536,0.943547785282135
7458,0.9628232717514038
2502,0.928925633430481
1112,0.9029133915901184
1436,0.947845458984375
12088,0.9558347463607788
4779,0.9878005385398865
2287,0.9338375329971313
13838,0.9316089153289795
5131,0.9179017543792725
7050,0.9741659760475159
10948,0.9522988796234131
5136,0.9502115845680237
9035,0.919012188911438
6218,0.9403420686721802
9340,0.9521321058273315
9719,0.9760280847549438
96,0.9588134288787842
452,0.9228854179382324
3284,0.9359717965126038
3299,0.9370351433753967
4024,0.9652239680290222
8234,0.9644054770469666
14096,0.9448627233505249
6125,0.9443648457527161
8287,0.9515399932861328
14490,0.941745400428772
9126,0.9326995611190796
5396,0.964945912361145
9991,0.9595548510551453
7054,0.9300796985626221
9073,0.9121316075325012
12838,0.9127188920974731
8357,0.9506248235702515
3512,0.9668033719062805
8983,0.9258692264556885
10683,0.9702033996582031
5725,0.9192383289337158
12830,0.9376785755157471
14501,0.9572373032569885
14972,0.9481133222579956
5991,0.972552478313446
7315,0.916823148727417
12450,0.9446253776550293
2925,0.9205958843231201
2575,0.9082351326942444
69,0.913396954536438
5195,0.9403142929077148
1599,0.9664907455444336
918,0.9592676162719727
9806,0.9335443377494812
402,0.9221580028533936
2386,0.9571120142936707
7977,0.9569939374923706
14363,0.93397057056427
10927,0.9139906167984009
2724,0.9555384516716003
3796,0.9266531467437744
8071,0.9385744333267212
10123,0.9570111632347107
2847,0.9487889409065247
11455,0.9305495023727417
6992,0.9497756361961365
5488,0.957321286201477
12958,0.9706395268440247
2932,0.9425692558288574
8523,0.9502440094947815
7701,0.958388090133667
14120,0.9413584470748901
2403,0.9456988573074341
14367,0.9614055156707764
12037,0.9376420974731445
14116,0.9479485750198364
6040,0.951326847076416
7827,0.9486011266708374
6607,0.9684406518936157
6496,0.9421764016151428
1005,0.9260090589523315
6525,0.9314082860946655
5289,0.9505192637443542
4742,0.9493871927261353
4427,0.9161015748977661
10177,0.9616461992263794
7954,0.9419510960578918
10819,0.953930675983429
14709,0.9303961992263794
3677,0.9235705733299255
14205,0.9590494632720947
5817,0.9353501796722412
375,0.94239741563797
14399,0.9528065919876099
5281,0.9361441135406494
14688,0.9519547820091248
1866,0.9196438789367676
1388,0.9338067770004272
13048,0.9864381551742554
13831,0.9244040846824646
13330,0.9458818435668945
177,0.9420367479324341
4472,0.9340360164642334
13605,0.9414718151092529
11405,0.9456667900085449
5815,0.937837541103363
10006,0.9456015229225159
5103,0.9697184562683105
10780,0.9327517747879028
10584,0.947063148021698
3207,0.9674996137619019
8052,0.9375807642936707
4715,0.9501798748970032
8315,0.9162812232971191
3116,0.9287337064743042
13050,0.9504404067993164
6118,0.9154629707336426
4646,0.9477777481079102
3955,0.9225592613220215
13701,0.9350430965423584
8428,0.9270299077033997
8229,0.9484148025512695
878,0.944507896900177
3595,0.9570125341415405
9557,0.9652388691902161
324,0.9313415288925171
2639,0.912567675113678
9309,0.9373591542243958
11948,0.9314743280410767
7675,0.9359555244445801
8327,0.9523645639419556
7407,0.91811203956604
3675,0.9708383083343506
8270,0.9427363872528076
4790,0.9697184562683105
2730,0.9430268406867981
4917,0.9565433859825134
13264,0.9734797477722168
10465,0.9314528107643127
14079,0.9229105710983276
11116,0.9390431046485901
13354,0.9510071277618408
13614,0.9798412919044495
11284,0.961114764213562
5540,0.9379847049713135
12190,0.9560022354125977
1021,0.91762375831604
8810,0.9309120774269104
2481,0.938962459564209
14541,0.9408511519432068
13613,0.9215857982635498
6606,0.9473499059677124
10444,0.9636182188987732
10658,0.9306366443634033
253,0.9562811255455017
13765,0.9363336563110352
7570,0.9362393617630005
6600,0.918993353843689
999,0.9457569122314453
1028,0.910605788230896
6314,0.9104609489440918
10532,0.9344223737716675
7961,0.9187279939651489
5084,0.937192440032959
14002,0.9419488906860352
9823,0.9421961903572083
8700,0.9345354437828064
12778,0.9411255717277527
3267,0.9447557330131531
11356,0.9645246267318726
412,0.9310084581375122
10381,0.9552153944969177
10289,0.9658064842224121
10418,0.9433867335319519
7378,0.9496791362762451
739,0.9293190836906433
8777,0.9430514574050903
4512,0.9679816961288452
111,0.9420832395553589
6951,0.9548050761222839
2144,1.0123138427734375
3691,0.932273268699646
6873,0.9370633363723755
10206,0.9610843658447266
5152,0.9242950677871704
7156,0.9352070093154907
4616,0.9481394290924072
7548,0.9341189861297607
3902,0.955824613571167
12776,0.931795060634613
10168,0.9721680879592896
6610,0.9525525569915771
8402,0.923445463180542
9743,0.9334322214126587
11169,0.9095692038536072
6819,0.9247027039527893
11081,0.9004566669464111
12862,0.9356256127357483
5965,0.944918692111969
3650,0.9303880333900452
6107,0.9462615251541138
794,0.9373639225959778
13873,0.9605796933174133
8920,0.9278451204299927
1831,0.9598175883293152
5884,0.9611918330192566
7757,0.9102117419242859
748,0.9723235368728638
3537,0.9355618357658386
4921,0.9378577470779419
6787,0.9146478176116943
1190,0.9518145322799683
1741,0.962286651134491
8893,0.9174723029136658
6858,0.9263963103294373
3171,0.9506357908248901
5280,0.9525525569915771
3204,0.9615862965583801
13918,0.9573988914489746
13878,0.9420611262321472
12788,0.9471411108970642
1561,0.9229105710983276
12342,0.9285786747932434
12605,0.9559078812599182
14199,0.9196881055831909
4532,0.9448312520980835
2578,0.9463388919830322
2950,0.904130220413208
10082,0.913435697555542
11854,0.9207621216773987
12658,0.9537210464477539
2973,0.9264322519302368
14573,0.959062397480011
1700,0.9411478042602539
9774,0.9070138931274414
12805,0.9453297853469849
7898,0.8972748517990112
653,0.9862978458404541
7668,0.9380060434341431
12692,0.9506840109825134
8847,0.9427474737167358
4197,0.9378919005393982
6206,0.9472339153289795
14177,0.9500898122787476
6185,0.9473403692245483
3041,0.9273975491523743
3370,0.9500458240509033
958,0.9446136951446533
5599,0.908473789691925
8724,0.9430506229400635
8966,0.9325709342956543
8760,0.9466619491577148
6025,0.9323647022247314
14125,0.9797475934028625
5224,0.9388050436973572
11084,0.9455394744873047
6256,0.9473622441291809
507,0.9155024290084839
779,0.9395955801010132
10393,0.95097815990448
886,0.9360461831092834
6156,0.9492490291595459
6345,0.9215279817581177
330,0.9394469261169434
3511,0.9631091356277466
9673,0.9427304267883301
8359,0.969940721988678
12543,0.9158045649528503
6174,0.9349409937858582
9336,0.9099081754684448
7727,0.9518451690673828
12271,0.9268531799316406
5407,0.9336707592010498
5895,0.9513704776763916
6446,0.9895424246788025
11811,0.936933159828186
13110,0.9565491676330566
6681,0.92070472240448
2444,0.9516695737838745
3956,0.9504887461662292
11879,0.943699836730957
1918,0.9602129459381104
11009,0.9372284412384033
9305,0.9413921236991882
5047,0.9377717971801758
4678,0.9512531757354736
15092,0.935136079788208
13477,0.9650312662124634
7949,0.9348407983779907
14302,0.9559234380722046
14018,0.9166805148124695
8257,0.9614906311035156
10760,0.9513208270072937
7578,0.9382486343383789
9418,0.9376314878463745
4647,0.9762497544288635
10054,0.9571734666824341
13301,0.9560064673423767
3256,0.9432221055030823
14889,0.9437566995620728
12286,0.9692586660385132
13926,0.918267011642456
2677,0.9411216378211975
13562,0.9206497669219971
716,0.943997323513031
6053,0.9379214644432068
8900,0.9351539015769958
8584,0.9139167070388794
3884,0.9392178654670715
2359,0.9674723148345947
13634,0.9332729578018188
14123,0.9644270539283752
6633,0.9374808669090271
4860,0.9584404826164246
3039,0.9591662883758545
13073,0.9580833315849304
3315,0.9313806891441345
7218,0.9400839805603027
2422,0.9552661180496216
10096,0.960554838180542
1670,0.9432132244110107
786,0.9469045400619507
9970,0.9653953313827515
972,0.9468342065811157
4441,0.9801567196846008
7946,0.9553930759429932
9529,0.9312088489532471
619,0.9456803202629089
13723,0.9408664703369141
10720,0.9574991464614868
13595,0.9429700374603271
11880,0.9439992904663086
11329,0.9348504543304443
10582,0.9425485134124756
2976,0.9524862170219421
4787,0.9092588424682617
11157,0.9642934799194336
11173,0.9241870641708374
12656,0.9706164598464966
148,0.9264363050460815
7813,0.9554404020309448
11118,0.9379528760910034
8657,0.9667989611625671
4711,0.9336961507797241
4688,0.9503284096717834
9925,0.9411202669143677
14197,0.9217220544815063
8446,0.9687367677688599
9859,0.9694207906723022
10035,0.9298206567764282
3352,0.978585958480835
3952,0.9325951337814331
2269,0.968990683555603
1480,0.9459632635116577
6332,0.9682666063308716
9894,0.9499953389167786
9732,0.8827148079872131
1065,0.9597426652908325
3975,0.9317097663879395
8696,0.914629340171814
8416,0.9478795528411865
7262,0.9646682143211365
10264,0.9258787035942078
6827,0.9339534044265747
2382,0.9580145478248596
12337,0.9464000463485718
11461,0.9516390562057495
47,0.9458956122398376
8250,0.971563458442688
11776,0.9525885581970215
6379,0.9411983489990234
8393,0.9213367700576782
2380,0.936893880367279
7819,0.9556500911712646
5142,1.0833035707473755
9694,0.9270417094230652
9276,0.9503940343856812
6955,0.9398084878921509
5385,0.9384026527404785
10304,0.9404129981994629
9334,0.9406328201293945
3728,0.9451111555099487
3443,0.9202497601509094
9698,0.934252142906189
9648,0.952044665813446
12332,0.963863730430603
13072,0.935086727142334
6195,0.9818637371063232
9992,0.905005693435669
11536,0.944623589515686
14281,0.9518627524375916
7891,0.9635716676712036
2129,0.9540899991989136
6981,0.9439867734909058
6549,0.9450063705444336
5378,0.9609720706939697
10019,0.9285827875137329
3399,0.9063881635665894
62,0.9305471181869507
14415,0.9092954397201538
110,0.9252183437347412
3671,0.9529088735580444
1718,0.9526437520980835
3091,0.9578100442886353
8826,0.9632315039634705
7308,1.0043036937713623
8063,0.962563157081604
11402,0.939529538154602
974,0.9493871927261353
9210,0.9498894214630127
1258,0.9266666173934937
9343,0.931617259979248
10654,0.9313309192657471
13522,0.941124677658081
479,0.9361647367477417
11369,0.9582571387290955
1158,0.9236915111541748
12010,0.974406898021698
9103,0.917870044708252
8422,0.9595707654953003
9017,0.9613797068595886
13432,0.923368513584137
2429,0.9333087801933289
9840,0.9434317350387573
5988,0.9110276699066162
6568,0.9496569633483887
2617,0.9134906530380249
9208,0.9290441274642944
12939,0.9527257680892944
4652,0.9536033272743225
477,0.9609701633453369
4089,0.9121655225753784
8151,0.9528805613517761
3247,0.9442052245140076
691,0.9058663845062256
4697,0.8572251796722412
3131,0.9511513710021973
13865,0.932200014591217
7583,0.9535751342773438
11489,0.9536042809486389
5499,0.9503278136253357
8792,0.9266229867935181
2732,0.9289366006851196
14535,0.9206984043121338
11791,0.9582232236862183
13482,0.9374082088470459
13380,0.9608713388442993
7811,0.9531328082084656
4685,0.9434390664100647
4871,1.0122506618499756
1625,0.9418075084686279
14766,0.9166964292526245
3316,0.9298685789108276
14082,0.9525924921035767
5332,0.9509881734848022
4870,0.9198355078697205
3545,0.9659660458564758
4035,0.9394939541816711
12912,0.9521396160125732
6824,0.9380828142166138
1523,0.9324771761894226
7223,0.921417236328125
4989,0.9593205451965332
14736,0.9701439142227173
12723,0.9483811855316162
3861,0.940402626991272
4009,0.9461563229560852
6594,0.9263952374458313
3817,0.9353751540184021
13913,0.908395528793335
13289,0.9451519250869751
6574,0.9509068727493286
7197,0.926381528377533
1875,0.9248287677764893
134,0.9710876941680908
31,0.9360857009887695
3272,0.9472956657409668
10895,0.9171597957611084
2545,0.9330694079399109
6199,0.9452675580978394
12335,0.909298837184906
5723,0.9184607267379761
1159,0.9128486514091492
2680,0.9465813040733337
11647,0.9192736148834229
9236,0.9028915166854858
11270,0.9457027316093445
7261,0.947046160697937
6405,0.9664907455444336
8988,0.9162278175354004
12454,0.9302688837051392
4527,0.9487290978431702
525,0.9548914432525635
9223,0.9408426284790039
11041,0.9529168605804443
12192,0.9388951659202576
8387,0.9430230855941772
3879,0.973533034324646
7301,0.9358185529708862
1368,0.9403411149978638
9464,0.9366973042488098
13279,0.9351516962051392
12268,0.9376053810119629
3282,0.9468572735786438
12632,0.9615485072135925
11667,0.9372185468673706
9478,0.9554378986358643
4758,0.9007729291915894
13102,0.9394423961639404
10551,0.9333807229995728
12377,0.9549871683120728
11269,0.9050115346908569
9919,0.9412793517112732
10212,0.9668766260147095
9190,0.9310685396194458
13888,0.9472870826721191
11211,0.9605796933174133
5718,0.9463579058647156
13866,0.9517779350280762
588,0.9338076114654541
629,0.947167694568634
11314,0.949386477470398
2194,0.9561996459960938
3155,0.9303447008132935
3488,0.9558628797531128
6696,0.928947389125824
11633,0.9633815288543701
2044,0.9208597540855408
7092,0.9655117392539978
6804,0.9349153637886047
1849,0.943838894367218
13979,0.9333181381225586
3083,0.9777122139930725
9814,0.9436637163162231
3372,0.92924964427948
10942,0.9565913677215576
4672,0.9564797878265381
3199,0.8793703317642212
3077,0.9157130718231201
10327,0.9180930852890015
517,0.9655643105506897
326,0.960796594619751
12298,0.9441397190093994
7979,0.9589440822601318
1512,0.9201115965843201
14014,0.9375412464141846
14843,0.9270410537719727
9263,0.9314283132553101
14091,0.9450644254684448
2704,0.9430667161941528
1105,0.9083064198493958
6580,0.9215996265411377
4876,0.9474879503250122
559,0.9320753812789917
11985,0.9262672662734985
5700,0.9173487424850464
4015,0.9288149476051331
3944,0.9250708818435669
2430,0.9445094466209412
351,0.9331967830657959
14441,0.9335094690322876
13405,0.9482408165931702
905,0.8986120820045471
10849,0.9294825792312622
11138,0.929680347442627
7993,0.9119036793708801
7702,0.9163855314254761
11876,0.9578042030334473
11464,0.9381636381149292
1595,0.9552559852600098
7379,0.9453127384185791
4451,0.957969069480896
14799,0.9668232798576355
15074,0.9356256127357483
8930,0.921412467956543
13362,0.9343662858009338
10049,0.9408316612243652
12859,0.9251285195350647
2579,0.9062685966491699
8467,0.9586628675460815
11775,0.9575563669204712
1633,0.9416216611862183
3196,0.9692152738571167
13338,0.9390422105789185
754,0.9478322267532349
12961,0.9345959424972534
5820,0.9471869468688965
52,0.9028915166854858
13277,0.9430457353591919
4339,0.9265156388282776
15046,0.9447410702705383
7743,0.9452033042907715
4018,0.9440060257911682
1179,0.9446338415145874
14713,0.9625089168548584
4259,0.9198102951049805
8576,0.9760175943374634
5438,0.9855042695999146
1269,0.9568111896514893
11094,0.9442178606987
6529,0.9691910743713379
8456,0.9232857823371887
12686,0.9476583003997803
13805,0.9592312574386597
4201,0.9561247825622559
14639,0.9468220472335815
2542,0.957464337348938
13310,0.8996977806091309
11595,0.9459115266799927
11846,0.9618913531303406
4337,0.8951094746589661
13098,0.9504178762435913
7173,0.9496485590934753
734,0.9500338435173035
5165,0.9191916584968567
4636,0.9435704946517944
11336,0.9653556942939758
4706,0.9573043584823608
5023,0.9421677589416504
2366,0.9317097663879395
9344,0.9218579530715942
14354,0.941197395324707
14386,0.9254651069641113
13750,0.9597210884094238
6177,0.9298229217529297
6353,0.9632591009140015
10736,0.94819575548172
14558,0.932857871055603
7787,0.9585723876953125
12995,0.9268173575401306
4405,0.9356744289398193
10366,0.9377751350402832
7082,0.9472366571426392
8000,0.9702359437942505
5753,0.9637624025344849
6997,0.9264770746231079
3273,0.9595887660980225
6483,0.956275224685669
12959,0.9599967002868652
1742,0.9350380897521973
4466,0.939630389213562
2607,0.9565379619598389
2733,0.946126401424408
7847,0.939511239528656
12428,0.9500777721405029
8049,0.9570051431655884
5706,0.8778405785560608
11045,0.9134542942047119
9446,0.9504920244216919
1178,0.9374918937683105
11695,0.9540057182312012
11129,0.9519902467727661
8252,0.9422593712806702
6255,0.9424101710319519
383,0.9272047281265259
14777,0.9387233853340149
5865,0.9458788633346558
9471,0.9213272333145142
9061,0.9127326011657715
3987,0.9505424499511719
10733,0.9404848217964172
1138,0.956292986869812
5709,0.9108402729034424
7505,0.9207687973976135
315,0.9423219561576843
5650,0.975032389163971
7178,0.9417440891265869
3365,0.9486261010169983
4673,0.9375419616699219
9004,0.9438279867172241
1798,0.943179726600647
6271,0.9329891204833984
11662,0.9115857481956482
439,0.9402350187301636
1647,0.9636130332946777
8094,0.9026740789413452
1268,0.9490707516670227
8268,0.948673665523529
9337,0.9658336639404297
13113,0.94817054271698
3767,0.9336233139038086
6887,0.96829754114151
13086,0.8964489698410034
2334,0.9428682327270508
4493,0.9328259229660034
5702,0.8986121416091919
5496,0.932915449142456
5379,0.945610523223877
10679,0.9518530964851379
5927,0.9577414393424988
4164,0.9430911540985107
1655,0.9628679156303406
10042,0.9614346027374268
385,0.9504662752151489
8553,0.9385693669319153
9116,0.93331378698349
12499,0.9102628231048584
9836,0.9401605725288391
1364,0.9314558506011963
949,0.9875200986862183
3385,0.9530251622200012
704,0.927739679813385
7514,0.8791658282279968
2462,0.9475603103637695
5014,0.9459652900695801
2295,0.9310746192932129
10386,0.9809600114822388
4717,0.9272525310516357
9425,0.9513373374938965
3681,0.9518234729766846
10332,0.9460199475288391
9489,0.9244582653045654
3408,0.9462350606918335
2625,0.9646229147911072
13665,0.9677221179008484
1838,0.9818674921989441
5355,0.962224543094635
4607,0.9558219909667969
5923,0.9376943707466125
4853,0.9381477236747742
10436,0.9577190279960632
6643,0.945376992225647
9511,0.9300796985626221
4874,0.9540324211120605
9432,0.9453809261322021
2055,0.9442757368087769
10491,0.9366268515586853
10714,0.9066348671913147
12284,0.9482549428939819
8598,0.9354239106178284
9447,0.9647001028060913
8929,0.9609915018081665
10918,0.944054901599884
12136,0.985437273979187
2700,0.9565095901489258
13374,0.9511210322380066
7031,0.9342352151870728
14500,0.9573072195053101
1640,0.9335942268371582
5606,0.9554729461669922
2509,0.9327791929244995
78,0.9637809991836548
8448,0.9284552931785583
2109,0.9406570792198181
9383,0.9706153869628906
14026,0.9440386295318604
12455,0.9090068340301514
12775,0.9320801496505737
7236,0.9373226165771484
5148,0.9425674080848694
11057,0.9634243249893188
7257,0.9398370385169983
3802,0.9465620517730713
12209,0.9383050799369812
9130,0.9346569776535034
950,0.9405219554901123
5512,0.8996380567550659
6961,0.9335559606552124
1881,0.9544863104820251
199,0.9650121927261353
74,0.9276852607727051
12115,0.9510905742645264
10748,0.9404596090316772
660,0.9978961944580078
2461,0.9252781271934509
9271,0.9174025058746338
13341,0.9399475455284119
15025,0.9521631002426147
11759,0.9681717157363892
5328,0.9801110625267029
6109,0.8850142955780029
2353,0.9622973203659058
1727,0.9550044536590576
8002,0.9495261907577515
12266,0.9308738708496094
7593,0.9506869316101074
11725,0.9296000003814697
5793,0.9272966384887695
9762,0.951608419418335
3442,0.9414809942245483
1834,0.9316942691802979
11819,0.9345634579658508
5270,0.9254983067512512
3716,0.9443714618682861
12749,0.9494343996047974
10686,0.9242357015609741
12365,0.926904559135437
3252,0.9379034042358398
762,0.938579797744751
410,0.9467630386352539
5694,0.9492270946502686
14009,0.9451768398284912
10198,0.931411623954773
11952,0.9181617498397827
9607,0.9063857197761536
5275,0.9316263198852539
13872,0.9290643930435181
7760,0.95765221118927
14132,0.9234558343887329
13661,0.904043436050415
7585,0.9277578592300415
10648,0.9497210383415222
8864,0.9528585076332092
2780,0.9627035856246948
15054,0.9377849698066711
6376,0.9369112849235535
14733,0.9588066339492798
4085,0.9735175371170044
7894,0.9375439882278442
8274,0.9305404424667358
4934,0.9461917877197266
12833,0.9473235607147217
3433,0.9251810908317566
9564,0.9138706922531128
1820,0.9568886756896973
14190,0.9305716753005981
13518,0.9560405611991882
897,0.9407563805580139
8984,0.9332307577133179
12896,0.9526299834251404
13713,0.9456902742385864
3423,0.9156156778335571
9461,0.9605941772460938
4642,0.9389381408691406
1917,0.9514301419258118
10774,0.9298426508903503
8339,0.9500594139099121
917,0.95298171043396
2350,0.8843491077423096
12682,0.936203122138977
10963,0.9268364310264587
11476,0.9457956552505493
11155,0.9389841556549072
14988,0.8934876322746277
6920,0.9397625923156738
8460,0.8998421430587769
9293,0.9539087414741516
13709,0.9474260210990906
335,0.9492619037628174
13895,0.9172360897064209
12688,0.9374415278434753
10044,0.941360354423523
7634,0.9199687242507935
9503,0.9704493284225464
12529,0.9269100427627563
13461,1.0042582750320435
8989,0.9310927391052246
8712,0.9613746404647827
4990,0.932292103767395
4619,0.944287121295929
3727,1.0613009929656982
12968,0.9340599775314331
10375,0.9601768255233765
12316,0.9558628797531128
14693,0.9302979707717896
14157,0.9519785642623901
1810,0.965936005115509
2130,0.9034619331359863
3780,0.9736408591270447
3439,0.9251766800880432
4621,0.9518332481384277
6624,0.9454678893089294
6243,0.9126143455505371
6007,0.88916015625
3653,0.9368414282798767
5114,0.9569976329803467
14004,0.974363386631012
3599,0.9461115002632141
2569,0.9504615068435669
6799,0.9254940152168274
12969,0.9352418184280396
14802,0.9293744564056396
1055,0.9527950882911682
9274,0.933902382850647
9676,0.9362215995788574
13238,0.9506725072860718
13681,0.9533002376556396
13472,0.9467443823814392
9347,0.9432132244110107
2159,0.9900026321411133
14984,0.9375250339508057
1648,0.9563591480255127
7785,0.9659830331802368
576,0.9425382614135742
7067,0.9329564571380615
6638,0.9500167369842529
367,0.954073429107666
14121,0.9621967077255249
2412,0.9153586626052856
5777,0.9351264834403992
10357,0.9511853456497192
8670,0.9471040368080139
14603,0.9589048027992249
4225,0.9686866998672485
6301,0.9392583966255188
9900,0.9463940262794495
8445,0.9352271556854248
12352,0.9506710171699524
6326,0.9391048550605774
10247,0.9615577459335327
12789,0.9417392015457153
2009,0.9528415203094482
824,0.8981963396072388
4916,0.97002112865448
8273,0.923636794090271
5143,0.8810751438140869
285,0.9432421922683716
14453,0.931508481502533
5186,0.9492806196212769
5163,0.9548090696334839
6735,0.9429386258125305
8918,0.9130475521087646
12729,0.9297289848327637
10871,0.9630916118621826
3718,0.9693983793258667
5545,0.9354793429374695
2211,0.943844199180603
10979,0.9801353216171265
9171,0.9709327816963196
7312,0.9296411275863647
10823,0.9498451948165894
11310,0.9313327074050903
7839,0.9744059443473816
4210,0.9169617295265198
14831,0.8917756080627441
14704,0.9307737350463867
9215,0.9483197927474976
3306,0.9490194320678711
4258,0.9424963593482971
11177,0.9327513575553894
18,0.9507518410682678
332,0.932634174823761
2590,0.9288913607597351
3201,0.9382842779159546
8925,0.9200940132141113
464,0.9369673728942871
13501,0.9620712995529175
6977,0.942143440246582
7057,0.933529257774353
1935,0.9551562070846558
12424,0.8953260183334351
2874,0.9307193756103516
624,0.9507202506065369
3773,0.9608713388442993
10777,0.9381243586540222
1312,0.912430465221405
992,0.917341411113739
13478,0.9326465725898743
5261,0.9601979851722717
10630,0.9443630576133728
13393,0.93364417552948
9792,0.9136227965354919
1616,0.8918033242225647
7402,0.9313844442367554
725,0.9462653994560242
3313,0.9583934545516968
14398,0.9447389841079712
1366,0.9428529739379883
14085,0.9480580687522888
6404,0.9357106685638428
6482,0.9657171964645386
10207,0.951734185218811
12401,0.9590009450912476
1631,0.9204217195510864
12024,0.9475894570350647
11136,0.9629753828048706
14870,0.9421412944793701
1565,0.9471967220306396
8487,0.9557406902313232
3493,0.9576433897018433
5170,0.9131660461425781
13075,0.9873614311218262
15053,0.9530626535415649
8618,0.922046422958374
5610,0.9399546384811401
6017,0.9187520742416382
1854,0.9493740797042847
6315,0.9538429975509644
12533,0.9250363707542419
89,0.9675796627998352
9897,0.932796835899353
11810,0.942875862121582
7266,0.9504542350769043
3785,0.9534137845039368
7751,0.9141979217529297
7488,0.9418501853942871
14553,0.9686698913574219
13116,0.9439585208892822
4518,0.9517651796340942
11634,0.9511823654174805
13239,0.9311730861663818
13921,0.9307291507720947
5554,0.8893470764160156
10706,0.9521024227142334
5646,0.9628491401672363
2885,0.9318290948867798
8585,0.9595721960067749
13346,0.949560821056366
1703,0.9546465873718262
13106,0.9653545618057251
1237,0.9409583806991577
14792,0.9937083721160889
5664,0.9228998422622681
5068,0.9417390823364258
12460,0.9305789470672607
9351,0.9316117763519287
2425,0.9506669044494629
12683,0.9467724561691284
4842,0.9429093599319458
139,0.9292346239089966
275,0.9696887731552124
1564,0.949174165725708
7394,0.9541493058204651
7919,0.9259994029998779
5769,0.9337795376777649
7542,0.9419276714324951
7421,0.9222078919410706
10799,0.9651603698730469
5854,0.9328672885894775
9948,0.9362034797668457
3002,0.9486202001571655
5632,0.9463323950767517
6658,0.9082640409469604
13046,0.9299149513244629
9638,0.9429178237915039
1894,0.9517754912376404
10627,0.9449381828308105
9982,0.9501354694366455
790,0.9561259746551514
7526,0.9269747138023376
2210,0.9607148170471191
8496,0.9675663709640503
1846,0.8407758474349976
2764,0.9522308707237244
194,0.9701356291770935
9767,0.9420485496520996
6153,0.9056857824325562
12462,0.9405632019042969
9589,0.9558095335960388
11332,0.9434216022491455
6,0.9111999273300171
10548,0.911033034324646
11856,0.928428590297699
1394,0.9456884264945984
4859,0.9377453327178955
14266,0.9551838636398315
2593,0.9933101534843445
7296,0.9423251152038574
2094,0.9438232183456421
5896,0.9886572360992432
11563,0.9134944677352905
798,0.9061799049377441
11323,0.9387112855911255
12124,0.9499544501304626
4094,0.9550726413726807
8661,0.9530626535415649
3990,0.9819543361663818
7081,0.9656916856765747
12025,0.9185108542442322
107,0.9403966665267944
6495,0.9524185061454773
8740,0.9496750235557556
2884,0.9611765146255493
13465,0.9414207935333252
3440,0.945526123046875
7023,0.9489898681640625
6137,0.9564802646636963
7927,0.9423825740814209
3705,0.9660319089889526
548,0.971065878868103
8550,0.9600599408149719
8829,0.9638311862945557
674,0.8996235132217407
2147,0.9362279772758484
1362,0.9356746077537537
14895,0.9667768478393555
8423,0.9600318074226379
8205,0.9325552582740784
11346,0.9693794250488281
14683,0.966612696647644
4006,0.940986692905426
13524,0.9236697554588318
9555,0.980879008769989
9576,0.9133541584014893
11781,0.9017714262008667
4212,0.9229588508605957
12367,0.9625089168548584
3387,0.8840557336807251
8196,1.017486572265625
8219,0.9388654232025146
11339,1.1327837705612183
4321,0.9676393866539001
8836,0.9001367092132568
11496,0.9472008943557739
14114,0.9353777170181274
6894,0.9611839056015015
10345,0.9587833881378174
14971,0.9473305940628052
14110,0.9609173536300659
14222,0.9531844258308411
1562,0.9330991506576538
1554,0.9631038308143616
6242,0.856611967086792
8841,0.9674996137619019
10339,0.9499179124832153
12858,0.9269886016845703
14716,0.9395146369934082
7349,0.9522818326950073
4093,0.9729496240615845
10805,0.9327930212020874
10308,0.9735309481620789
10045,0.9911994934082031
7377,0.9598404169082642
13037,0.9099513292312622
13729,0.939457893371582
13383,0.9625077247619629
7292,0.942304790019989
8105,0.9545950889587402
2761,0.9267934560775757
6726,0.9528245329856873
3232,0.9468837976455688
12622,0.937019944190979
8332,0.926154375076294
6895,0.9542098045349121
7413,0.9582191705703735
4563,0.9854645729064941
12014,0.9787790179252625
9226,0.942398190498352
12453,0.948817253112793
11178,0.9394524097442627
14076,0.9242717027664185
9352,0.8968268036842346
8594,0.9442927837371826
8104,0.9492292404174805
13426,0.9390873908996582
11992,0.9491707682609558
14669,0.900134265422821
9989,0.9141650795936584
8048,0.9358320832252502
8011,0.9344048500061035
13360,0.9098412990570068
14584,0.9431616067886353
6166,0.9123684167861938
441,0.9597152471542358
2501,0.9576277136802673
6927,0.9407746195793152
11976,0.9695048332214355
5679,0.9303808212280273
5730,0.9438306093215942
11040,0.942379891872406
14663,0.9545930624008179
12249,0.9606415033340454
340,0.9492053389549255
7674,0.9265022873878479
12181,0.9504715800285339
11217,0.9496372938156128
10086,0.9110888838768005
14099,0.9224892854690552
10510,0.9497811794281006
6368,0.9175227880477905
11783,0.9332939982414246
7893,0.948504626750946
14752,0.9430882334709167
6063,0.9381582736968994
8330,0.9424644112586975
13496,0.95435631275177
4475,0.9542301893234253
13521,0.9482332468032837
6240,0.9333465099334717
10261,0.9445501565933228
9377,0.9396136999130249
5350,0.9533530473709106
11047,0.99613356590271
8583,0.9432694911956787
557,0.9148142337799072
8551,0.9354792833328247
13136,0.9262998104095459
11804,0.9420207738876343
10696,0.9252737164497375
11677,0.8898330926895142
1049,0.9348480105400085
9759,1.0628355741500854
8162,0.9459555149078369
384,0.9306721687316895
10711,0.9403231143951416
10227,0.9446942210197449
7135,0.9459950923919678
15052,0.9504157304763794
9313,0.891448974609375
13658,0.9547277092933655
1596,0.9565373659133911
6674,0.9693678021430969
10114,0.9456014633178711
13689,0.954959511756897
1945,0.9107170104980469
10245,0.9474013447761536
144,0.9660970568656921
2460,0.9578648805618286
15001,0.953629732131958
14839,0.9345957040786743
9876,0.945682168006897
9601,0.9635980129241943
6150,0.9188637137413025
11171,0.9237595796585083
11043,0.9872114658355713
8738,0.9618107676506042
12665,0.9099489450454712
1925,0.9532754421234131
3264,0.9505378007888794
13312,0.9440860152244568
14717,0.9395608901977539
2887,0.9399524927139282
1447,0.948298454284668
3179,0.9487622976303101
9604,0.8664675951004028
10172,0.9660141468048096
694,0.9546244144439697
9766,0.9525196552276611
4515,0.9428126811981201
8304,0.9981377124786377
6821,0.9350358247756958
8141,0.9446338415145874
10959,0.9357741475105286
8279,0.9374978542327881
11844,0.9570098519325256
14217,0.94171142578125
13847,0.9472881555557251
8873,0.9459513425827026
3068,0.9283061027526855
12593,0.9508183002471924
1020,0.9506394267082214
8977,0.9678082466125488
8145,0.942949652671814
8733,0.9469526410102844
9412,0.9644192457199097
5524,0.9400335550308228
13372,0.947572648525238
8025,0.9903155565261841
14325,0.9339783191680908
11899,0.9142070412635803
10905,0.939212441444397
1095,0.9599648714065552
3750,0.9073240756988525
237,0.9426594376564026
2840,0.9271087646484375
13065,0.9334729909896851
710,0.9226393699645996
55,0.9098412990570068
13732,0.920866847038269
14237,0.9189242124557495
3999,0.9553844332695007
1877,0.9614502191543579
11207,0.9559862613677979
164,0.9600895643234253
12071,0.919517993927002
5448,0.9391512274742126
12997,0.9333012104034424
14423,0.9514042139053345
3448,0.9576420187950134
8490,0.9416314363479614
5566,0.923016369342804
2792,0.9533933401107788
7710,0.9374808669090271
3949,0.9514281749725342
190,0.9019339084625244
9789,0.927130401134491
13252,0.947239875793457
1274,0.9380752444267273
9733,0.9302323460578918
9088,0.9588736295700073
2942,0.8902978301048279
12762,0.9181534051895142
9879,0.9268531799316406
11818,0.9526828527450562
7074,0.9278347492218018
5049,0.9471856951713562
14788,0.9541893005371094
7849,0.9322952628135681
6989,0.961895227432251
7108,0.9427304267883301
3628,0.9433386921882629
14151,0.9705096483230591
6838,0.9559982419013977
5368,0.9316263198852539
3073,0.9326636791229248
3244,0.9512815475463867
12412,0.9510480761528015
14346,0.9527697563171387
13890,0.9720616936683655
9419,0.9401366710662842
11954,0.962049663066864
11706,0.9478632807731628
15069,0.9346321225166321
12211,0.9592776894569397
6967,0.9371421337127686
3889,0.9458916783332825
6006,0.9271373152732849
12827,0.9513373374938965
8215,0.959281325340271
11367,0.9668604731559753
9222,0.9457720518112183
3610,0.9189696311950684
12080,0.9333735704421997
11135,0.961935818195343
8727,0.9162375330924988
230,0.959436297416687
236,0.9568578004837036
13957,0.9014890193939209
5232,0.919125497341156
9811,0.9326795339584351
3564,0.9326285719871521
789,0.9346542358398438
8602,0.9335805773735046
11617,0.9289455413818359
9224,0.9331003427505493
686,0.9340324401855469
13655,0.9438557624816895
3328,0.9545913338661194
6061,0.9518720507621765
1321,0.9355131387710571
14891,0.9237295389175415
3828,0.950791597366333
11108,0.9451111555099487
13332,0.953026533126831
14327,0.8726882934570312
8688,0.9555567502975464
12935,0.9376564025878906
12824,0.9449833631515503
4594,0.9809703826904297
1778,0.9563941359519958
4830,0.9361982345581055
7521,0.8989158868789673
534,0.9434453248977661
13800,0.9493618011474609
3053,0.8841649293899536
14509,0.953960120677948
4167,0.9312959313392639
11090,0.9353220462799072
8973,0.9545660018920898
4344,0.9595407247543335
11643,0.942024827003479
2970,0.9440156817436218
8400,0.9491211175918579
11548,0.9304260015487671
11926,0.9355248212814331
7868,0.9491854310035706
14813,0.9392271041870117
553,0.9660537838935852
9937,0.9263554215431213
14048,0.9172371029853821
13361,0.9044739007949829
12294,0.9362905025482178
6187,0.9448428153991699
14566,0.9398270845413208
14248,0.9528665542602539
12299,0.9504165649414062
7725,0.9864345788955688
2706,0.9704673290252686
6543,0.9717593193054199
14760,0.8982241153717041
9978,0.9155035018920898
4553,0.9317190647125244
2657,0.9268989562988281
4361,0.9585399627685547
1998,0.8893470764160156
1897,0.9653045535087585
5547,0.9369585514068604
5837,0.9620887041091919
13766,0.9341006875038147
14342,0.9557021856307983
1789,0.9592186212539673
5857,0.9403526186943054
8840,0.9644308090209961
8089,0.9002991914749146
11228,0.9296278953552246
12768,0.9077515602111816
8060,0.9131615161895752
3815,0.9757740497589111
4965,0.9276678562164307
5171,0.9304038882255554
9142,0.9195712804794312
11723,0.942774772644043
7466,0.9436643123626709
8358,0.9786562919616699
14525,0.9395573139190674
8293,0.9588636755943298
130,0.9871826767921448
6717,0.9197635650634766
7972,0.9138341546058655
13148,0.9682202339172363
13159,0.9528658390045166
5759,0.9592215418815613
6728,0.9521085023880005
9158,0.9632118940353394
5658,0.9546099901199341
13575,0.9506789445877075
4709,0.9529401063919067
10975,0.9339625835418701
8536,0.9547717571258545
3206,0.905354380607605
6110,0.9294043779373169
5121,0.9547669291496277
14826,0.9441901445388794
4200,0.9278537631034851
10414,0.9425069093704224
15021,0.9393458366394043
12420,0.8988455533981323
176,0.9319369792938232
8939,0.9301732182502747
13402,0.9222966432571411
5717,0.9316825866699219
15008,0.9420516490936279
12927,0.891853392124176
9123,0.9420509338378906
13268,0.9375712871551514
6878,0.9247498512268066
6592,0.9410384297370911
6097,0.9529560804367065
14395,0.9437176585197449
11077,0.9381385445594788
103,0.9627500772476196
2849,0.9756156802177429
6988,0.9548764824867249
13293,0.9691905379295349
11038,0.9297637939453125
13923,0.9551388025283813
6170,0.9607419967651367
12188,0.9498356580734253
11227,0.948447585105896
9822,0.9574287533760071
4303,0.9431097507476807
5098,0.9295209646224976
3341,0.9409371614456177
9356,0.9389948844909668
8275,0.9185155630111694
11140,0.9173481464385986
9986,0.9371889233589172
11971,0.95206618309021
9084,0.9104352593421936
14195,0.9559303522109985
5528,0.9666482210159302
3771,0.9701356291770935
1686,0.9426642656326294
7219,0.9406332969665527
1830,0.9357330799102783
13385,0.8733245134353638
8890,0.9298429489135742
3242,0.9213019609451294
9778,0.9481133222579956
10638,0.9201579093933105
12263,0.9506691694259644
12491,0.9329766035079956
3712,0.9102650880813599
12741,0.9660977721214294
7762,0.9539514780044556
4042,0.9311251640319824
4674,0.9519398808479309
14623,0.9227648973464966
4770,0.9261172413825989
14744,0.9124195575714111
13125,0.9557280540466309
8111,0.9486751556396484
13566,0.9680605530738831
12028,0.9300048351287842
10571,0.9544121026992798
4650,0.9463076591491699
12082,0.956730842590332
7957,0.9524396657943726
9496,0.9359765648841858
10576,0.9428738355636597
3694,0.9512308835983276
9378,0.9095692038536072
1939,0.9621152877807617
7527,0.9244017601013184
6722,0.9250686168670654
8441,0.9405202865600586
3438,0.9435708522796631
11741,0.9414945244789124
7832,0.930116593837738
2651,0.9544993042945862
6851,0.9402446746826172
11351,0.9700381755828857
8396,0.9328399300575256
12556,0.9041473865509033
14680,0.9191806316375732
12334,0.9295123219490051
5643,0.9163554906845093
4638,0.9354029893875122
1968,0.9558146595954895
7291,0.9472466707229614
9932,0.9493961334228516
3835,0.9373258352279663
14929,0.9696465730667114
6940,0.9379935264587402
1873,0.9335559606552124
4240,0.9489467144012451
7428,0.9802395701408386
11036,0.9494274258613586
3840,0.9516053199768066
8936,0.9319937825202942
9168,0.9573788642883301
12638,0.9345557689666748
6163,0.9263598918914795
541,0.9343365430831909
11125,0.9566130638122559
7728,0.9518107175827026
4987,0.952010989189148
5456,0.9326459169387817
17,0.9277551770210266
6829,0.9499584436416626
12145,0.9556994438171387
3943,0.9232897162437439
8869,0.9545154571533203
3059,0.9450830817222595
3921,0.9045062065124512
12371,0.9693361520767212
6845,0.9462940692901611
2902,0.914187490940094
4440,0.9595553278923035
